city,income,credit_score,loan_amount,years_employed,loan_approved
326,113810,389,39698,27,0
989,44592,729,15446,28,0
763,33278,584,11189,13,0
1793,127196,344,48823,29,0
841,66048,496,47174,4,0
1308,62098,689,19217,29,1
721,59256,373,40920,40,0
941,48289,524,45866,20,0
1329,126530,367,14826,36,0
1850,43434,446,18359,8,0
523,118696,670,15373,8,1
290,127080,365,26216,24,0
715,146939,573,43006,21,0
1657,101482,819,7973,40,1
1775,41395,843,1037,38,1
576,107397,380,6613,31,1
298,85302,469,18370,33,0
734,34165,682,29711,33,0
947,33905,525,1471,4,0
1335,42280,543,19250,31,0
1448,58657,716,13478,6,1
1488,60495,400,4972,25,0
268,96237,443,28648,11,0
927,108907,400,4315,34,1
363,33478,792,15008,25,1
68,103563,592,28722,35,1
1089,56062,362,21552,3,0
1197,123850,382,13178,4,0
998,115181,383,28474,37,0
577,121924,434,45019,19,0
1531,101426,402,5801,34,1
352,84987,748,36600,19,1
741,58893,406,9800,16,0
607,88878,651,14342,40,1
1107,107236,345,1232,21,1
54,66463,309,8331,4,0
1345,136093,451,29166,8,0
1755,143940,405,24178,35,0
351,30851,481,28020,1,0
1245,129458,573,11433,6,0
1358,135620,658,21000,14,1
905,50926,659,43040,32,0
1170,121506,482,39049,16,0
1447,85392,418,26244,36,0
1809,74597,638,41839,20,0
396,66421,712,46692,18,1
134,50379,608,27612,35,0
1640,58221,518,34500,30,0
1843,130072,395,16392,19,0
1527,74118,374,30846,26,0
1500,43396,451,43995,0,0
1423,42156,775,4291,35,1
197,79797,624,30004,39,1
887,42676,760,17986,15,1
1491,77052,750,6077,18,1
300,141082,456,47295,13,0
124,75082,698,39278,1,0
1778,109131,729,36272,34,1
1441,64671,698,23028,25,1
1522,135791,385,43123,27,0
932,35695,634,23118,24,0
1513,125647,353,23935,14,0
313,90217,456,16633,8,0
827,100284,471,40707,38,0
1726,46361,326,21444,36,0
1096,79615,548,7678,19,0
1709,40328,370,34158,21,0
1879,102357,456,29540,11,0
851,68427,574,22122,15,0
1365,138711,688,23046,1,1
867,112397,310,34857,12,0
782,111070,802,30371,1,1
397,146057,784,37272,33,1
534,142945,613,17475,14,1
317,77400,795,19120,37,1
1300,105674,669,12759,19,1
1009,55203,802,7723,0,1
1142,122349,789,8476,4,1
302,39116,611,6582,15,0
1251,36006,761,30014,19,1
1056,116673,512,41993,13,0
266,59871,781,20087,2,1
595,131327,570,41963,37,0
705,67930,572,10321,4,0
1464,40458,611,46857,25,0
952,142108,630,40564,16,1
1287,60512,341,12481,30,0
1693,143571,393,31802,22,0
1804,43238,807,19888,25,1
580,79823,713,34724,0,0
1028,66434,810,41986,28,1
1445,89429,424,2891,40,0
1044,113320,416,31241,7,0
1863,139328,725,32621,30,1
1269,77819,724,23274,32,1
468,51319,795,23618,21,1
915,78520,692,16306,26,1
520,76566,807,3426,8,1
438,57460,315,48346,9,0
486,117841,646,41845,25,1
416,64993,336,41465,4,0
687,121988,400,42533,6,0
1782,119593,667,25565,27,1
306,114939,691,41613,15,1
1366,39358,461,5840,28,0
1684,109840,609,14055,24,1
65,113227,322,44137,25,0
1001,52431,535,40784,22,0
692,100010,340,21246,28,0
844,125568,479,14159,8,0
842,62087,793,20342,21,1
1288,51417,706,37524,23,1
1584,90589,690,42847,23,1
1436,79735,364,42641,29,0
1189,65382,611,33284,7,0
1701,113886,729,39491,9,1
211,120198,333,46238,23,0
204,103000,667,4968,25,1
234,58785,321,4314,21,0
1320,119733,521,16269,21,0
899,72504,433,36403,16,0
1165,140474,543,39591,20,0
426,130704,787,30378,23,1
732,131711,608,31018,1,0
1554,37331,375,6294,20,0
1220,60021,601,30734,32,0
1607,137715,533,28119,21,0
1434,34207,683,11003,30,0
719,135518,361,39434,35,0
1224,71347,594,40348,19,0
1691,82581,658,37455,23,0
128,65093,326,40911,17,0
889,38675,446,38114,25,0
672,57653,729,30730,21,1
1123,149686,383,18832,28,0
548,104341,416,23621,27,0
108,144867,356,1503,13,1
630,124098,307,33596,27,0
162,71245,746,2228,29,1
877,57869,596,8548,25,1
191,115909,390,29620,6,0
485,95435,526,22827,10,0
1341,81856,451,16484,6,0
375,145957,775,37944,37,1
902,149871,454,29820,4,0
1842,114259,772,30616,2,1
958,90142,773,39032,35,1
1717,48726,813,10886,3,1
974,64718,553,47374,28,0
1233,48301,353,42345,21,0
574,62325,641,6341,37,1
26,127647,617,37629,24,1
708,103579,670,2194,23,1
801,100644,458,6057,18,1
747,64438,685,11109,10,1
767,127912,720,24874,15,1
1878,106622,616,31737,12,1
478,86155,814,35567,26,1
1312,147679,792,25327,35,1
1721,106484,579,30446,32,0
1362,82350,657,2747,26,1
1761,77447,401,47838,21,0
514,58746,780,30399,39,1
1050,48131,840,28738,7,1
1536,96784,768,5116,7,1
704,94686,739,1102,39,1
1058,41915,838,36656,32,1
1855,129061,682,17623,1,1
1263,36175,436,3905,22,0
1250,142866,486,9837,4,0
1153,44371,342,21682,19,0
86,50033,592,24394,3,0
1446,112240,750,26339,21,1
800,50969,380,29220,38,0
259,133819,756,40493,27,1
169,119192,581,42908,3,0
1118,85333,748,3280,8,1
501,108172,457,45503,28,0
1028,38326,621,43569,17,0
508,80432,420,18155,16,0
451,80019,375,30625,11,0
395,108104,597,20657,10,1
1864,91348,505,10101,15,0
1653,99352,432,41104,5,0
425,62953,375,9213,20,0
229,102512,486,9456,27,1
1741,142824,630,47486,14,1
1752,31504,581,9203,40,0
1051,119166,457,12219,39,0
1343,124466,346,43038,36,0
1589,45014,596,43068,19,0
682,119353,725,32735,29,1
567,145970,708,9569,23,1
1818,100381,399,4316,18,1
1334,128419,620,13440,10,1
1687,64973,520,39230,22,0
914,130741,410,29241,8,0
110,114012,499,24758,35,0
833,74587,431,7336,25,0
615,44621,821,27305,32,1
1645,68469,827,10160,20,1
121,86985,821,35887,31,1
849,50730,726,39253,19,1
1059,89470,533,48277,3,0
497,30425,332,38523,7,0
1683,124646,813,41073,30,1
991,144799,632,44399,30,1
24,124329,795,13600,15,1
632,64522,800,21777,30,1
628,95612,688,26856,22,1
1629,129871,654,29991,16,1
1459,53416,440,8158,39,0
717,96542,402,28086,21,0
1060,149619,716,43787,30,1
612,43947,391,43749,36,0
366,144100,337,27017,31,0
938,111959,605,38221,38,1
1492,69117,816,31672,17,1
1874,140319,314,49274,21,0
1027,113748,715,29029,32,1
1577,96540,554,1447,16,0
646,109818,311,18141,23,0
406,56071,618,46238,7,0
378,50032,789,11039,29,1
1663,79009,553,45586,38,0
166,129943,414,5047,35,1
1794,51174,752,8617,13,1
1643,100697,435,34636,26,0
554,132056,560,1197,13,1
1067,99514,783,3079,18,1
123,30074,759,25739,24,1
750,108504,421,12696,34,0
1257,72487,774,45138,34,1
1402,94042,493,48515,7,0
315,32552,334,30257,38,0
1603,44662,522,4699,8,0
72,77576,542,20776,9,0
710,145175,807,4072,22,1
492,139008,452,20653,24,0
1796,135745,447,31344,3,0
1558,70306,508,22644,5,0
1145,61385,340,5769,12,0
1552,37592,640,20869,0,0
1427,61571,706,16684,35,1
665,145082,825,33589,29,1
1424,104364,620,28127,2,0
40,40322,727,20345,9,0
1511,41226,645,17864,31,0
735,125932,473,10172,34,1
950,93699,349,1418,26,0
1136,136957,766,25458,3,1
512,39071,306,35879,35,0
29,129693,483,8013,6,0
815,99822,706,6178,23,1
1742,130379,382,43843,2,0
669,46483,384,33758,27,0
1045,46828,516,46369,36,0
1389,116474,333,12754,20,0
502,92296,466,37959,15,0
1228,102063,380,33819,22,0
151,51643,634,2941,40,1
38,64741,742,13172,37,1
684,99163,574,11107,24,0
892,144351,305,21202,28,0
1606,109507,824,27741,6,1
904,85461,598,28119,24,1
944,57760,689,12108,8,1
1563,100686,606,32734,4,0
1844,128994,768,8010,8,1
122,125673,750,22937,27,1
1787,120422,505,32392,20,0
415,56365,633,25645,17,0
1069,123447,484,45676,35,0
1572,70857,370,27813,31,0
764,82296,686,5847,28,1
1637,118039,849,39916,40,1
433,115180,709,22731,27,1
1586,78944,774,45535,37,1
437,87422,387,8606,9,0
66,147914,748,48316,28,1
1163,97839,468,49528,15,0
929,89177,714,42271,11,1
1521,45860,698,1291,13,1
968,62493,491,24972,20,0
1437,59451,697,41062,25,1
1286,38392,604,41270,37,0
225,74313,444,34477,24,0
1534,32757,477,37366,10,0
1342,107110,796,9947,12,1
1218,102603,725,47539,28,1
48,60161,850,19918,10,1
263,107128,416,18556,34,0
1306,58864,523,28862,6,0
1560,30942,749,8693,15,1
853,39305,511,14562,3,0
1829,122778,599,19961,36,1
379,112719,360,19174,8,0
840,37716,801,10317,36,1
736,60007,712,34791,17,1
935,38834,395,48902,29,0
1421,148675,516,33421,17,0
1027,34117,651,45731,3,0
1188,142674,751,30918,0,1
407,73309,395,43899,23,0
1180,39287,612,48578,14,0
1528,97391,531,35042,28,0
92,61195,372,16004,24,0
1078,66500,691,9725,9,1
1582,117684,518,42161,9,0
1178,93624,443,9071,37,0
330,58080,386,17263,35,0
1340,100678,510,34931,38,0
1351,47342,806,26289,7,1
228,124811,730,24947,34,1
1092,145655,568,15138,2,0
206,104847,725,28759,25,1
174,105525,823,14316,9,1
1748,91953,359,17022,5,0
1737,61850,422,1830,8,0
441,132841,575,49033,7,0
9,91993,378,33515,29,0
1738,135840,405,38611,7,0
280,83354,692,10835,11,1
1689,54957,726,48204,20,1
318,42363,347,27275,4,0
846,42704,767,1522,23,1
1583,116374,805,13807,34,1
586,86498,654,42677,0,0
215,76438,543,28513,31,0
173,85519,832,28070,23,1
743,83883,376,39790,36,0
600,91213,702,46922,20,1
337,143224,411,11184,6,0
1651,125561,762,21205,29,1
838,37100,520,22482,9,0
730,118259,331,27502,28,0
1327,115649,312,5041,14,1
955,114696,322,5225,12,1
227,42899,351,12009,36,0
1685,37944,662,15071,11,0
729,82772,721,37089,30,1
753,125448,838,17328,40,1
1660,74473,652,38070,32,0
1175,134935,587,4839,30,1
1140,142941,546,18467,34,0
1026,44322,697,24252,11,0
1425,62591,660,38201,36,0
1703,55112,802,3487,5,1
1494,54931,433,23331,11,0
282,100292,413,35491,23,0
1867,88800,609,22142,8,1
70,48373,665,15630,37,0
231,85296,700,38190,2,0
677,54050,808,10217,21,1
753,66509,390,47462,40,0
310,90637,658,17820,6,1
205,62742,804,25819,22,1
372,144620,334,20327,1,0
1543,39880,376,36851,5,0
1608,88082,744,11295,3,1
259,135909,543,7285,3,0
1707,142898,601,44386,40,1
728,142193,383,32035,7,0
177,102132,696,13116,23,1
1466,42833,531,18600,36,0
748,36630,723,39648,14,0
1486,115477,541,32212,19,0
1190,100855,759,12329,10,1
907,139579,506,42105,9,0
1176,31934,633,19101,33,0
1429,42224,451,38132,37,0
1011,128771,848,23535,26,1
588,141240,712,10427,39,1
481,60982,786,18601,23,1
881,51798,533,9807,19,0
566,83269,492,29948,13,0
821,93653,462,5300,19,0
312,93092,359,17350,2,0
898,58016,817,27014,40,1
1845,143331,785,39461,35,1
1713,82565,466,38503,13,0
248,148284,320,45708,0,0
328,37685,581,28774,24,0
401,51579,404,1481,32,0
641,79672,793,5183,21,1
529,30282,546,4720,38,0
787,81173,565,28431,25,0
1766,64760,527,45978,34,0
1851,132769,485,20253,6,0
758,132908,391,15565,22,0
939,89638,601,31393,7,0
1588,67388,422,45610,24,0
388,85444,650,27816,36,1
1272,121303,640,42355,11,1
1324,125748,462,33084,5,0
1454,132676,304,3472,34,1
617,102845,495,2174,0,0
795,116752,692,33986,37,1
1633,124163,836,23140,27,1
517,93788,468,27436,1,0
1072,50289,675,47603,2,0
1068,54890,320,4161,7,0
906,68890,309,20733,26,0
1578,58534,407,34527,39,0
988,37665,569,35284,12,0
824,105914,638,16368,0,0
500,126434,823,5918,6,1
604,101066,402,12449,2,0
1428,37989,346,1633,8,0
432,128038,395,25420,21,0
861,71104,731,43522,10,1
1184,37492,794,38286,28,1
1291,36572,794,32989,7,0
7,106569,529,44898,21,0
1628,92493,793,23659,24,1
1113,95909,817,31755,31,1
1825,141767,351,34222,14,0
1605,99615,758,6768,31,1
1183,50635,300,6956,38,0
709,37455,649,24812,3,0
923,96562,763,8472,6,1
23,40500,408,4000,10,0
164,141587,423,26748,13,0
1355,54356,426,30524,29,0
1499,38981,743,39346,30,1
740,107992,406,26389,38,0
1244,38907,580,27074,21,0
926,118501,606,46973,35,1
316,142960,597,45997,22,1
946,60828,630,47553,7,0
208,82923,592,28681,0,0
329,45713,593,45786,16,0
1255,146691,667,30661,6,1
699,104668,698,16571,32,1
1592,62271,355,1849,16,0
465,105880,501,48507,12,0
326,107924,422,25720,2,0
3,35209,458,3617,9,0
1668,111183,666,5776,20,1
1509,40745,713,7025,22,1
634,84948,786,37787,0,1
1124,116163,628,25993,7,1
1865,106503,756,32903,2,1
1127,104085,846,1480,40,1
516,98522,850,47054,27,1
1192,71467,639,3482,5,1
1016,64179,717,26430,28,1
943,56772,346,46933,4,0
153,117782,748,25996,25,1
333,123872,602,42552,9,1
1650,71180,444,9076,2,0
1757,61285,516,28043,32,0
537,64814,355,36969,29,0
201,81876,798,22682,22,1
340,47154,636,41392,19,0
1649,118039,304,21526,15,0
859,114607,639,32454,29,1
296,69321,587,10175,34,1
1164,89929,714,39668,13,1
1676,71441,674,26722,14,1
1618,128548,392,27003,23,0
1379,39508,756,11434,11,1
718,31220,667,3648,14,0
1121,90068,830,24674,24,1
214,111416,580,49621,16,1
254,103792,829,17487,24,1
1665,43104,306,33888,8,0
546,39602,461,24738,38,0
553,100468,790,32393,13,1
1111,57938,464,9829,40,0
1813,96307,829,27571,38,1
1626,64760,759,40749,30,1
1264,47361,486,41842,32,0
140,75745,535,25786,24,0
1468,145456,481,32186,39,0
1204,39016,301,45470,27,0
1234,145247,690,23971,37,1
1538,62018,538,6493,18,0
724,78434,835,8722,33,1
1419,67353,458,28923,37,0
165,50676,508,28081,35,0
654,87433,652,47235,25,0
1571,139280,465,7571,13,1
359,101200,393,10524,30,0
52,122214,833,19774,38,1
450,69651,830,19743,12,1
982,110173,336,24575,15,0
650,135788,704,27571,37,1
1002,115717,656,23772,17,1
34,99329,479,27681,32,0
1378,31025,850,38676,16,1
1339,117538,769,45668,29,1
139,137099,535,21691,26,0
578,102692,708,45151,21,1
552,69240,575,12978,12,0
1312,116951,664,11223,6,1
60,43577,343,32607,23,0
1670,145097,586,27075,14,1
886,47601,333,33930,22,0
676,64664,308,1774,13,0
533,45129,542,18655,30,0
182,146616,673,27253,17,1
1274,44029,576,16453,35,0
1573,127310,480,28624,31,0
658,102512,556,37840,36,0
1313,50374,398,30481,21,0
868,65697,424,24009,38,0
1319,66930,632,45118,32,0
1639,109276,471,42981,21,0
1125,57607,621,21766,18,0
1081,124058,833,30510,26,1
720,74942,381,14800,10,0
631,56685,706,35339,5,0
1223,120111,590,30042,40,1
749,113130,787,31617,34,1
961,141792,745,35305,40,1
1272,64600,615,24971,26,0
1774,96244,847,1545,31,1
1877,94032,307,36927,23,0
321,62914,699,25796,14,1
611,148664,575,28060,12,0
1857,149034,803,13306,20,1
1148,140900,428,47871,28,0
1421,36658,619,33662,23,0
1145,42097,701,5678,34,1
185,113136,554,26218,28,0
979,85518,784,26501,19,1
1831,138704,503,24620,3,0
1073,66265,582,39318,7,0
75,35778,680,6864,15,1
1166,30464,849,8038,8,1
811,73719,497,2399,24,0
832,131072,601,36568,31,1
505,47146,464,5513,33,0
1480,113507,688,49080,11,1
1762,64335,696,13443,33,1
835,51178,413,7308,33,0
1258,127154,409,32809,12,0
427,87912,562,4216,23,0
785,102309,381,31674,40,0
1489,122493,572,35669,2,0
967,86057,536,35842,24,0
1003,103519,725,49896,6,1
28,31267,484,37042,25,0
831,44663,632,25361,26,0
946,39862,684,37060,16,0
679,145750,316,34922,8,0
35,120573,823,37459,36,1
404,148479,675,39152,15,1
144,49536,379,48420,20,0
973,101511,690,6143,3,1
133,34722,532,49999,38,0
1708,139392,453,22419,32,0
829,78393,816,6903,14,1
176,106350,350,36923,25,0
1279,102420,502,32972,25,0
287,49410,740,22195,36,1
542,86333,324,20976,10,0
1518,46704,539,14086,23,0
374,35482,594,1900,21,0
1756,70404,516,14356,34,0
712,77795,318,25681,37,0
1753,147831,354,31471,0,0
904,134349,599,43559,24,1
1834,142814,390,13217,12,1
1141,35229,612,22860,31,0
893,147823,541,33850,17,0
1055,76898,455,23399,25,0
1558,57535,456,28948,19,0
702,119399,507,10051,19,1
420,62706,461,21807,4,0
859,117416,330,21885,26,0
393,43473,409,9620,11,0
994,76357,326,24544,5,0
603,132251,488,26392,31,0
264,103385,576,28069,14,0
369,145885,801,46079,20,1
995,144650,620,26831,39,1
972,83264,343,17103,33,0
98,111351,494,20082,28,0
525,128235,355,46216,33,0
790,50257,438,26760,26,0
1532,61029,631,46332,10,0
1694,143325,836,47352,24,1
1511,51299,344,12199,21,0
335,134842,352,28497,19,0
1179,136269,507,1231,39,1
1638,53206,805,16589,13,1
962,145528,584,41616,40,1
1117,84040,337,10527,2,0
1108,33248,465,45046,18,0
1565,53509,668,3348,5,1
1357,126542,366,20191,30,0
1699,73540,359,8163,36,0
1394,132548,737,40901,20,1
948,83964,832,48787,40,1
1111,135150,776,41990,7,1
469,117806,658,37727,40,1
661,143254,607,34206,35,1
1395,126345,329,12510,12,1
1426,136266,793,11183,40,1
103,62527,357,35149,19,0
277,64970,662,5339,9,1
964,50866,491,40006,7,0
560,133202,723,6688,31,1
549,121917,479,8355,23,1
521,44168,812,11097,12,1
649,80140,400,34826,8,0
1155,144316,389,22842,29,0
32,35075,514,22029,12,0
792,142537,452,11321,17,1
271,91694,626,18763,9,1
1154,59154,646,36427,28,0
1173,56158,736,26684,11,1
561,137031,640,13985,34,1
1156,90332,779,7374,29,1
473,75830,447,41431,16,0
659,70001,764,32949,1,0
1777,137549,430,34288,6,0
1322,134247,710,39701,26,1
1406,144206,513,46485,37,0
21,59831,477,44424,4,0
960,59219,399,30177,11,0
934,33101,392,15261,8,0
1283,116511,763,35816,18,1
645,55313,745,48041,22,1
1321,82227,678,36971,3,0
1317,73025,540,29292,37,0
456,66517,477,32121,8,0
918,143292,437,1760,4,0
1385,39099,386,9992,26,0
483,131361,821,28795,35,1
532,66585,810,48901,15,1
55,76025,794,47195,23,1
718,114080,586,31470,33,1
874,96768,619,41176,3,0
522,82386,639,28591,22,1
129,119065,473,38542,3,0
1832,140580,817,6037,17,1
11,100282,478,39782,9,0
1547,73404,840,3168,21,1
931,33617,692,16594,28,0
118,45118,418,4442,10,0
1544,144955,699,32102,16,1
1406,64237,842,45752,2,1
96,53405,643,18716,17,0
882,106099,499,35075,21,0
668,64795,312,27951,6,0
575,35014,324,41592,5,0
971,44208,422,6661,38,0
1130,108193,559,20304,29,0
625,86959,563,11614,4,0
1822,75309,482,29873,4,0
1430,125491,741,15312,39,1
1100,133078,556,30221,1,0
757,71114,637,26646,36,0
457,87199,531,1216,24,0
863,109457,710,4617,40,1
175,97033,596,43453,12,0
1747,45157,409,42328,22,0
275,80488,544,33062,24,0
806,147899,337,23235,3,0
1281,105574,835,31039,34,1
703,54914,782,41525,2,1
1785,63386,767,41057,10,1
1523,35817,364,14280,27,0
1074,122901,440,22075,13,0
1733,87154,472,46632,23,0
291,30221,461,2024,31,0
1415,98146,429,14510,9,0
984,135710,484,48002,31,0
897,100575,541,13576,7,0
1567,120027,513,19115,3,0
570,124297,344,4540,23,1
1861,127248,850,12526,10,1
770,126605,633,28463,12,1
1764,117900,722,14104,24,1
1542,55825,482,26384,23,0
535,77739,332,46364,36,0
78,86531,525,20343,38,0
1057,39171,535,6667,26,0
509,117062,314,48842,27,0
1053,73279,305,28379,2,0
1507,111678,400,30651,31,0
256,71145,667,20384,15,0
411,116951,324,30808,29,0
207,141151,372,26223,21,0
1293,46334,643,49218,3,0
1174,124339,341,24958,23,0
384,147970,544,36365,7,0
1318,69363,530,22001,22,0
1172,96469,797,33863,33,1
1473,70538,367,13343,29,0
1126,117410,451,33527,9,0
1416,83528,435,32057,22,0
1085,72753,537,35053,21,0
1664,82743,755,31015,19,1
563,121384,595,4101,9,1
673,68752,486,12492,9,0
1559,102667,488,14445,35,0
1816,46683,466,35972,19,0
1601,55144,459,1281,34,0
637,85108,450,38043,28,0
1530,117153,756,24422,5,1
1363,79695,584,13826,1,0
1040,118777,625,40529,38,1
498,128059,678,26304,23,1
1461,148332,520,48700,28,0
1309,52810,734,48749,26,1
1828,110676,837,22981,4,1
1537,104593,724,12461,35,1
342,69446,596,37298,31,0
1672,83225,529,2758,0,0
857,101819,727,12755,31,1
1671,139278,670,39080,30,1
872,30053,682,34588,36,0
1824,69829,438,24421,10,0
109,67606,842,42873,4,1
1006,57549,630,21723,19,0
830,86346,440,34958,18,0
1136,132990,815,15490,12,1
1609,106019,419,9600,1,0
1384,109516,650,12285,19,1
716,115813,428,14752,8,0
1373,72237,343,13868,6,0
1873,90946,344,5341,19,0
1041,87905,489,44948,22,0
1627,87954,660,11522,32,1
1157,118555,841,15221,12,1
693,58010,816,47383,30,1
345,97000,734,15042,32,1
1535,92021,807,24674,18,1
1564,134036,754,15802,35,1
1328,148119,483,1837,31,1
1119,134336,404,49590,10,0
856,126463,811,19252,37,1
633,52241,796,34516,17,1
210,116356,330,7527,3,0
1525,41114,634,11009,19,0
1622,67196,600,44390,31,0
1259,97561,421,26141,28,0
273,117012,468,33209,27,0
980,112960,781,32189,35,1
442,111167,661,19640,20,1
894,73933,327,41970,21,0
85,42240,553,16376,19,0
223,137272,320,36285,20,0
4,128453,322,21743,24,0
436,60784,644,33553,32,0
890,118184,506,33568,40,0
1771,70687,604,38586,25,0
1024,59444,843,32147,27,1
1854,135717,743,44480,34,1
1382,56100,484,2219,40,0
778,49313,778,18559,40,1
896,33201,834,14149,23,1
880,36057,626,5222,40,0
1744,62092,541,27598,15,0
1641,92277,746,28657,2,1
258,110120,343,48348,31,0
141,141376,716,24818,5,1
1088,130727,812,8906,33,1
1674,39545,543,40309,7,0
1470,89692,733,15287,9,1
655,84321,357,33136,34,0
1704,146147,584,10496,23,1
1311,112544,545,17579,35,0
1030,105454,697,1515,25,1
1754,55485,464,29760,40,0
1797,124155,782,49296,26,1
1290,121272,818,5349,22,1
1482,80328,353,43033,11,0
454,94799,621,38736,5,0
1267,82383,720,21932,28,1
798,61979,386,28164,23,0
1190,49342,534,6831,29,0
1857,115990,452,6836,23,1
62,120128,806,8766,14,1
626,30726,691,9532,27,0
565,147002,728,12820,26,1
1049,128430,554,25224,37,0
1333,142779,707,46013,13,1
161,130931,360,4415,21,1
1144,146059,609,26866,23,1
1743,43970,804,23228,29,1
1729,132029,345,9380,31,1
137,85724,570,34880,20,0
434,58683,750,4487,12,1
1860,53053,796,30999,31,1
183,135396,484,12029,32,1
1070,121214,304,35472,36,0
1410,97889,326,19630,7,0
402,90889,771,47380,30,1
1826,36582,632,48942,36,0
836,103060,372,36858,38,0
234,62662,466,26460,25,0
1837,141193,617,45889,38,1
1604,45906,697,32223,17,0
169,89829,736,7091,2,1
1504,47477,837,6503,18,1
392,135043,607,17295,33,1
970,90901,722,7192,29,1
112,117500,316,8466,29,1
1585,99616,621,39483,29,1
1652,103259,516,13129,5,0
1508,108047,704,8646,0,1
1673,71588,704,20834,5,1
779,128992,514,32530,9,0
1150,146840,774,10710,30,1
869,88008,320,30459,37,0
1862,110301,405,42314,27,0
87,136824,797,34643,37,1
476,124276,840,2246,27,1
1493,146918,806,41809,22,1
1581,96162,537,34268,14,0
27,85933,699,28319,23,1
1746,138864,388,44716,30,0
1354,148863,610,16382,13,1
889,101810,478,33995,2,0
1087,88446,798,17896,21,1
1232,147598,406,47294,3,0
1152,50861,342,34246,6,0
403,127472,752,34154,31,1
822,142917,506,29777,26,0
1240,92216,475,6585,17,0
334,88991,842,28637,14,1
209,63972,670,2950,28,1
1161,128536,468,29447,3,0
956,62406,832,20380,26,1
557,140082,652,1517,17,1
466,113579,752,46709,22,1
1720,66347,850,22921,24,1
548,130376,619,35166,21,1
581,131931,732,34113,7,1
232,98327,759,20527,36,1
1779,93517,443,47815,24,0
322,112149,383,7045,3,0
1739,61358,831,26872,16,1
250,65992,466,10459,32,0
714,87654,333,49922,10,0
1431,40155,596,3639,33,0
635,123525,446,10315,37,1
547,67450,302,9016,35,0
53,60735,686,32144,38,1
196,65614,633,6853,39,1
925,74020,753,49228,17,1
43,71904,387,13610,39,0
1370,147050,319,8882,34,1
1302,100798,754,6547,34,1
1812,40561,324,35596,20,0
1734,48136,561,6873,9,0
518,49769,605,26555,6,0
232,60311,353,14274,15,0
61,80205,362,21862,29,0
1145,120957,403,17142,35,0
908,50028,508,10330,23,0
12,122591,762,3738,0,1
1093,58043,793,18911,38,1
1021,38418,588,3980,10,0
470,84377,586,29309,13,1
213,83424,579,17117,20,0
700,73369,787,1280,0,1
414,101121,383,43539,4,0
156,91069,685,40407,22,1
1196,84496,755,1613,14,1
541,38161,526,16352,31,0
1132,57110,705,8270,17,1
1094,139168,366,9351,16,1
543,85069,845,41269,16,1
230,81049,630,29347,26,1
1880,148598,529,4077,17,1
803,130898,325,49329,14,0
304,106556,618,5118,40,1
1014,121163,556,17197,6,0
49,32560,374,40319,39,0
1201,142293,686,21531,4,1
1719,145429,367,7673,3,0
1005,130348,310,30714,24,0
1732,105456,764,34896,21,1
1012,79857,429,42770,32,0
819,92518,345,4964,8,0
794,30772,449,10660,30,0
954,76105,358,16557,32,0
536,69139,506,5482,21,0
169,128759,636,11635,6,1
1109,81116,535,31574,39,0
813,141863,510,27234,11,0
47,146869,445,20043,28,0
1134,139540,478,15348,16,0
272,84921,568,7631,1,0
1820,100545,767,16738,23,1
583,127978,421,10465,8,0
823,126289,550,4027,39,1
1769,101582,586,9287,32,1
1371,134840,471,34332,24,0
1646,109069,629,47693,23,1
5,147677,337,14579,14,1
1807,58906,686,38445,10,1
1272,93993,755,35001,22,1
1433,58760,742,27801,23,1
1557,65774,377,24533,5,0
1316,87125,400,8771,4,0
591,93654,495,47244,38,0
1323,33804,713,27591,37,0
1353,80968,532,48404,13,0
1475,74057,648,6627,20,1
181,117670,330,25556,8,0
1575,119016,647,15777,26,1
848,134614,332,10118,9,0
67,82994,700,5175,34,1
424,124919,395,12234,6,0
584,51632,371,26289,18,0
125,140166,311,12260,20,1
269,91261,370,26493,13,0
920,46728,617,39501,12,0
371,111560,552,35462,21,0
689,100008,655,46895,19,1
1876,33534,768,26209,11,1
355,148872,580,42162,34,1
1595,81645,424,25165,4,0
491,107580,512,34165,2,0
538,103975,499,26996,2,0
398,116900,796,31235,4,1
1656,33552,465,12179,1,0
527,41003,579,11059,28,0
1546,114246,835,43009,6,1
1149,86179,555,25552,15,0
1784,47786,525,7330,10,0
834,143619,512,36501,25,0
837,90515,711,43860,20,1
246,53819,344,5412,13,0
674,36590,475,17511,6,0
1745,64099,625,44671,30,0
1405,79689,815,39500,0,1
572,72906,549,41616,5,0
1549,57742,338,16601,38,0
240,89598,833,28190,18,1
582,72840,355,44581,15,0
105,74236,752,42273,0,0
788,129775,428,7013,11,1
966,145296,778,21412,10,1
1774,79692,759,42654,12,1
1396,66471,782,29926,27,1
1495,128567,737,6454,19,1
1221,139041,764,19561,24,1
452,85255,304,1841,32,0
94,63065,693,33083,19,1
1177,139433,466,13728,27,1
1852,40735,677,46642,3,0
1517,91644,670,42350,1,0
97,32540,560,17214,38,0
1273,128176,707,47272,37,1
854,100702,558,46340,19,0
566,36826,411,42692,36,0
759,75870,615,1420,10,1
1700,59389,741,12182,11,1
1054,115215,761,38164,13,1
1836,38993,718,29883,40,0
1722,132397,583,5211,21,1
1097,115426,342,7346,13,1
1455,35276,645,40608,27,0
814,128858,708,25801,39,1
1193,34067,442,2682,38,0
1817,62411,786,34745,26,1
15,56130,346,49222,20,0
1808,139999,402,49121,24,0
387,32671,608,45109,35,0
82,111439,549,14870,10,0
507,49973,464,22397,24,0
826,61266,439,36031,40,0
1007,46544,366,43204,21,0
1679,92070,747,16293,14,1
606,117747,418,38541,23,0
1716,44993,494,26437,27,0
978,103920,527,7985,25,1
861,58569,766,10661,38,1
1017,90952,426,18920,36,0
126,121680,456,47973,13,0
1325,63586,701,20601,10,1
616,130518,373,35592,18,0
237,78351,355,47503,19,0
147,51992,514,15295,12,0
733,109415,685,28991,10,1
1111,109593,827,43604,21,1
1450,128032,546,26994,31,0
1225,124156,774,43618,24,1
1106,45012,821,15741,1,0
1266,131946,795,43244,27,1
1574,137387,320,26807,35,0
1022,51465,427,14596,7,0
870,70768,340,9442,36,0
1205,44168,605,24826,34,0
1714,105849,831,20228,34,1
152,33365,514,46084,6,0
1794,70888,520,9795,38,0
597,105470,566,26020,10,0
93,118781,848,14353,4,1
752,149016,823,40645,10,1
462,79192,379,18702,7,0
220,81990,641,18907,9,1
1244,123718,687,7881,7,1
238,55995,588,37145,17,0
1848,39961,712,32251,37,0
697,107607,687,38195,17,1
686,120520,768,12999,28,1
888,138864,612,42656,5,1
688,112213,395,11820,36,0
1644,61830,734,45370,32,1
1502,43356,307,47803,27,0
1048,121382,836,15750,11,1
1615,131250,682,8420,21,1
1780,69529,571,14963,0,0
1456,141449,336,31346,39,0
933,119687,409,1337,22,1
1614,108697,841,34706,9,1
562,135582,683,20613,23,1
1539,45866,465,10166,22,0
1131,134363,341,9760,25,1
1610,104177,572,8785,26,1
1479,132581,434,8191,6,0
1292,35383,650,29158,38,0
907,75508,553,41475,9,0
1315,99827,739,14003,30,1
388,86148,452,16032,7,0
1512,116706,504,6959,3,0
347,78571,790,5020,32,1
608,39038,728,17185,20,0
547,96317,586,40749,6,0
648,114874,313,45758,35,0
609,74725,841,40630,23,1
1112,31658,342,39440,12,0
644,141355,506,35967,9,0
1227,85057,655,24986,28,1
77,137784,322,11940,38,1
1368,94251,707,33442,34,1
490,43833,710,40794,17,0
1377,86822,837,17962,19,1
320,77472,543,20126,2,0
1798,113307,352,43101,15,0
846,146860,570,48322,8,0
742,138620,524,48872,17,0
726,90258,563,42040,40,0
602,122708,704,11200,28,1
235,50052,770,13125,11,1
30,87080,481,26834,38,0
1648,53086,402,48468,33,0
1591,126180,313,43236,2,0
1367,98386,646,47363,5,0
1214,115256,639,32385,9,1
1158,65400,603,7721,32,1
1139,110728,694,10658,22,1
875,135932,803,12112,7,1
1025,100539,386,3840,38,1
765,131533,608,41944,18,1
1457,93372,302,10741,9,0
119,90931,737,48625,17,1
448,87091,734,32541,26,1
1595,138230,809,36307,34,1
1436,125817,389,16413,23,0
1435,107656,361,23894,23,0
1641,65179,731,16892,13,1
1556,72245,734,25358,3,0
1120,141635,444,6176,15,1
1299,62177,443,35566,19,0
1728,138885,332,40595,11,0
1625,41359,813,21056,14,1
1623,66559,516,27240,39,0
1296,145557,620,43775,25,1
804,89087,406,6099,23,0
429,61963,366,14887,38,0
768,128366,546,18640,5,0
1856,90910,395,21224,0,0
614,104691,432,47049,6,0
1091,109997,691,32257,37,1
909,117580,537,15132,9,0
1469,79674,647,20060,23,1
14,74092,456,38152,40,0
22,33761,810,7167,29,1
73,94789,391,5661,11,0
621,141536,443,9124,36,1
1582,72600,621,25489,5,0
1061,53834,550,46858,35,0
1042,93904,374,15617,24,0
241,57802,411,6624,11,0
453,76507,366,21793,21,0
1481,134573,459,31799,9,0
127,63862,740,32025,13,1
940,74608,385,10288,4,0
1460,66655,519,44885,16,0
1241,145385,468,14015,22,1
767,108139,698,1650,35,1
1735,121905,624,1929,9,1
218,145357,569,35124,0,0
1137,66211,730,46642,34,1
380,102848,314,25265,23,0
789,31330,723,27895,22,0
217,97715,769,29074,23,1
912,55042,590,47012,39,0
1337,41221,316,41387,26,0
771,61635,333,44759,18,0
1869,124381,427,23977,29,0
1498,83271,529,34263,18,0
1212,94038,724,3141,0,1
866,102768,740,16848,35,1
1360,129374,431,42698,24,0
1555,61499,429,34046,7,0
860,120519,630,14353,5,1
1104,92402,380,38473,24,0
528,114659,604,13702,34,1
1666,123302,581,6437,9,1
1194,94332,409,10295,18,0
1414,88743,700,7597,31,1
305,133931,621,42520,28,1
1202,32260,795,41239,38,1
286,42196,323,34947,32,0
1159,68566,525,6468,8,0
551,59045,778,49837,31,1
444,83005,702,7743,37,1
784,120673,756,28770,38,1
1229,61890,661,25507,40,0
113,70135,843,24085,25,1
1769,117026,520,44054,23,0
472,106225,518,31498,36,0
136,78368,839,15251,6,1
1038,92031,745,21826,20,1
1806,102544,763,12215,38,1
33,99588,304,31262,18,0
1731,75056,781,7233,26,1
910,85771,805,41129,3,1
1346,127771,329,15681,3,0
1235,102140,495,48455,23,0
1090,73357,376,18283,21,0
281,76112,422,9276,20,0
1692,122124,834,35576,15,1
638,89473,531,7016,16,0
699,65509,510,46545,4,0
1576,70189,492,32958,6,0
619,62951,764,43945,9,1
1233,60217,825,14305,25,1
1631,45814,404,10652,29,0
820,124540,787,44377,33,1
1810,55242,706,33911,27,1
1115,71359,498,20267,12,0
1647,45670,351,43358,15,0
1000,127370,844,7621,17,1
818,100236,574,33451,13,0
568,129901,489,33980,39,0
338,120461,371,11921,11,1
1230,54267,481,18290,4,0
1654,55105,301,33001,15,0
862,58361,815,11964,9,1
1476,126810,563,44477,31,0
555,93464,795,8389,17,1
163,66241,665,33625,1,0
544,124972,498,25758,40,0
51,107278,479,18387,22,0
666,129641,832,46995,21,1
629,98765,810,45926,9,1
1835,108222,366,20315,0,0
1207,67093,740,24085,0,1
1138,43176,446,49041,12,0
1602,139134,695,28693,25,1
138,55443,746,45493,20,1
252,68829,504,20730,19,0
1570,59816,747,7294,8,1
1655,77301,777,28558,26,1
233,53519,609,16902,37,0
114,69618,428,27407,0,0
1095,31854,641,39950,6,0
1147,122801,354,46978,13,0
357,100010,458,20719,40,0
482,46591,417,5400,0,0
292,65954,325,34148,28,0
876,35965,566,41157,28,0
297,37146,474,34522,34,0
1065,102529,700,26285,6,1
1634,68290,698,1722,37,1
1860,121411,442,31664,29,0
1802,46551,837,26599,32,1
1632,113606,585,44151,19,1
90,143830,484,38751,32,0
116,128669,656,39305,39,1
289,94340,408,33730,30,0
1179,43446,478,48720,24,0
224,144389,752,25531,38,1
773,31607,504,13826,16,0
155,105243,388,39149,1,0
1165,67268,717,38243,34,1
802,91524,785,33823,22,1
1596,92746,372,38299,5,0
475,87733,638,2477,14,1
1697,74657,461,19878,4,0
1403,54164,413,39192,30,0
1805,36734,642,4892,8,0
386,63092,336,23665,4,0
1062,142947,577,48404,2,0
1440,92616,533,2405,3,0
417,44953,793,4417,24,1
263,137756,748,8732,39,1
323,38564,310,15884,26,0
1252,82521,358,6020,3,0
143,94454,599,9501,38,1
1821,39710,806,47219,22,1
1485,105631,599,43837,15,1
1167,112502,797,19335,5,1
1773,119974,515,9044,23,1
769,37026,764,8486,1,0
1146,49887,807,2235,24,1
766,49555,353,44280,19,0
1453,136318,521,2792,21,1
1276,103772,594,36046,29,1
428,69824,778,49865,15,1
173,41164,602,23120,36,0
651,62530,427,21112,36,0
421,45525,309,31568,2,0
1520,103147,381,19117,39,0
623,130197,565,33435,8,0
294,84548,488,45855,32,0
1191,109471,565,17871,1,0
996,108135,379,34222,28,0
839,133643,373,43066,27,0
864,111057,683,31846,18,1
949,59581,516,21519,32,0
1484,131671,333,44061,9,0
276,98494,728,36321,7,1
510,79856,751,21770,17,1
589,89049,536,30872,20,0
42,149079,670,43816,30,1
997,88028,717,45178,37,1
803,68974,718,28592,32,1
1503,142743,423,28435,16,0
354,107139,324,46222,10,0
449,86207,547,47660,18,0
681,70026,759,27796,40,1
460,104531,821,6491,9,1
463,111399,480,34336,37,0
1242,37894,830,35419,37,1
418,109905,446,3748,13,1
203,127004,469,8769,18,1
1483,43006,408,16183,17,0
1098,129973,340,36378,34,0
1751,57235,736,48978,28,1
713,111987,755,29328,31,1
1783,57659,376,22437,10,0
711,64687,743,7582,33,1
694,116563,440,39426,24,0
496,40641,808,19520,8,1
1185,50585,802,37551,39,1
171,61439,540,42793,22,0
1735,52782,801,42289,25,1
1198,102350,594,28498,28,1
519,39838,655,46676,25,0
130,50517,329,20066,17,0
1010,30350,625,27950,25,0
1833,83545,647,42698,2,0
990,89048,412,41193,39,0
1348,120357,661,37234,4,0
344,107832,705,48043,14,1
808,91592,313,3364,1,0
1858,68175,608,2588,14,1
1326,34278,434,49531,17,0
1497,60340,455,7262,37,0
657,67762,824,49724,1,1
89,122662,395,15565,26,0
1510,67056,808,48681,25,1
1690,122141,706,16211,28,1
262,142670,397,37758,10,0
364,89510,835,48384,36,1
193,39329,454,3392,20,0
480,120096,800,36755,31,1
1417,60595,407,28898,4,0
314,64675,339,28799,31,0
1438,133262,420,29539,18,0
172,133710,469,10274,18,1
50,111927,783,31335,13,1
267,107304,785,1643,20,1
1749,116662,396,36240,29,0
1165,135369,531,23607,40,0
1490,55928,676,41927,25,1
1096,85723,405,48884,13,0
1413,45043,583,49317,39,0
288,101376,450,10393,10,0
389,59466,735,44571,30,1
91,114886,785,24264,19,1
373,49528,584,47618,9,0
447,149067,745,43735,22,1
565,64816,495,26064,23,0
847,138348,559,33951,0,0
1451,48643,580,41977,3,0
1219,39359,802,12388,30,1
1168,37816,481,9627,5,0
1723,51747,584,13725,39,0
1387,133891,675,34838,0,1
1133,70319,451,48772,17,0
791,107993,477,42635,0,0
145,128167,774,6777,7,1
120,138034,473,1684,13,1
1791,104607,495,49982,8,0
257,67828,723,15808,12,1
494,87560,394,33105,22,0
435,46299,337,39353,24,0
1401,91433,512,23425,32,0
1759,120266,567,3060,7,0
1868,69857,686,44142,37,1
911,121715,462,28617,30,0
1256,82757,767,39900,36,1
1762,65683,645,32624,25,0
1598,95597,710,39867,1,0
1004,100776,433,44477,21,0
1341,94722,705,11835,29,1
663,87377,541,14324,27,0
1,40543,652,7547,30,0
80,108385,548,7279,24,1
1388,35224,703,36003,4,0
355,146578,540,25191,23,0
883,86626,441,33764,12,0
1677,126276,454,19675,19,0
1846,72247,829,7975,29,1
793,109129,464,21907,8,0
1678,62816,732,4572,19,1
1478,33390,643,36063,23,0
95,41970,453,1455,21,0
458,60005,588,3611,7,1
579,118381,603,2542,34,1
1075,139570,414,24412,2,0
324,142789,741,19002,22,1
1856,105392,681,3509,9,1
1620,106955,645,42729,19,1
556,32719,743,8630,12,1
737,130238,683,38574,30,1
1840,118117,346,40624,25,0
180,137665,432,19007,17,0
319,65325,526,5176,39,0
1695,105529,698,32169,35,1
499,35273,515,35880,10,0
783,130022,385,14602,33,0
585,129125,470,41911,22,0
37,52962,540,25594,34,0
1553,91669,596,12706,10,1
84,98021,728,40272,17,1
1702,115394,701,15752,25,1
1568,87963,845,22892,29,1
871,66458,493,42708,1,0
951,53788,323,22300,39,0
1711,106720,823,13650,10,1
446,87132,630,9693,18,1
1449,113202,547,12591,29,0
916,136724,550,31291,4,0
58,94451,727,18041,34,1
1611,41959,599,27109,2,0
1231,91605,406,10567,16,0
1804,75607,647,10302,15,1
1593,83523,550,18039,21,0
57,73687,443,10700,33,0
558,72081,462,38200,40,0
739,117835,431,10602,38,1
1304,43710,451,39288,0,0
1875,142424,652,43195,9,1
467,51079,473,35421,30,0
1760,73228,529,10836,17,0
1838,83955,312,49906,33,0
1533,120921,819,5403,17,1
1265,94942,835,17251,15,1
309,67777,767,12628,2,1
745,116846,365,9686,33,1
852,82488,352,21896,40,0
455,136635,520,40209,31,0
754,129680,767,1032,16,1
1841,102102,826,19596,19,1
195,34809,486,32954,0,0
284,89614,742,45104,19,1
337,41542,537,14973,19,0
731,71224,458,22218,10,0
977,63082,633,34847,30,0
564,72372,783,20897,23,1
1471,45194,702,28336,0,0
242,131259,767,18970,1,1
640,82976,324,22092,27,0
1303,143365,815,29842,17,1
228,97449,781,4014,24,1
1680,138124,684,4887,6,1
878,30150,783,9800,4,0
1284,116200,606,38623,12,1
39,143949,322,10205,4,0
1399,101118,519,13067,20,0
594,90552,443,8811,26,0
1031,84165,747,3102,32,1
64,37104,377,38047,5,0
1046,54586,374,45823,27,0
746,97952,486,43456,36,0
1383,77419,600,1416,39,1
497,111609,634,35889,29,1
1226,129148,456,13376,9,0
1278,95338,370,22460,20,0
1341,111973,440,29812,7,0
1519,87939,749,27160,12,1
390,129613,828,8975,10,1
613,36764,725,13516,13,0
1505,56680,730,27234,6,0
83,65003,534,46954,5,0
1767,101987,346,10223,15,0
780,47172,339,5009,38,0
168,67752,729,12299,11,1
1799,87424,412,11641,1,0
46,145454,639,2867,30,1
1034,121521,473,11365,6,0
1200,93532,725,36174,28,1
1659,45915,431,22160,34,0
1682,33783,500,9246,14,0
691,112578,589,41305,6,1
845,109806,832,34875,36,1
260,134767,335,26233,40,0
678,61365,543,11609,25,0
531,123032,715,30629,13,1
253,50758,645,23102,11,0
622,70730,364,24948,27,0
1578,102199,423,37075,18,0
1369,31792,707,34482,12,0
725,102384,838,40382,9,1
19,83476,470,25541,10,0
1359,42217,455,36443,39,0
1248,59451,731,32230,29,1
1758,140284,513,49068,39,0
382,149659,464,16890,25,0
344,44871,372,15831,17,0
370,90482,582,22461,0,0
474,45396,605,9183,34,0
937,114896,690,17741,7,1
101,139070,835,7753,5,1
200,50181,731,4712,40,1
1398,95323,636,28501,16,1
1066,123926,744,44622,17,1
1213,68254,343,40430,6,0
1199,96698,669,39018,38,0
245,122459,771,38574,33,1
135,65838,521,38154,11,0
1246,84459,559,24500,22,0
1823,139408,464,14721,35,0
930,93242,811,6824,21,1
1788,91894,403,48313,5,0
1349,61946,571,47359,31,0
341,89871,414,13438,37,0
618,102255,482,27081,39,0
1247,48958,648,35919,22,0
170,80277,631,15734,28,1
44,54983,524,17079,14,0
590,108561,794,29767,26,1
1260,96616,709,42107,36,1
812,127818,741,25263,23,1
163,145255,629,47034,15,1
1077,47892,533,48192,22,0
1561,143249,354,31162,39,0
1086,39150,358,23780,30,0
723,66208,328,47767,38,0
772,131276,611,22661,14,1
1255,133547,622,1444,39,1
959,141989,465,49008,12,0
1298,84387,806,48753,7,1
69,74548,785,10077,21,1
656,133247,392,13095,16,1
1819,96550,836,17893,1,1
188,65018,841,1824,0,1
900,137551,493,42712,39,0
1033,30336,481,29881,11,0
1036,67072,619,20099,6,0
1550,125164,645,30797,35,1
1770,69132,545,33162,12,0
186,139769,401,35068,5,0
1487,106931,589,21992,8,1
1381,106011,384,33143,1,0
443,116499,356,35573,2,0
738,94178,349,36015,1,0
1332,143411,820,35339,11,1
1192,49476,490,15520,20,0
1187,88529,419,20034,0,0
1667,100592,533,25365,25,0
1079,93483,617,14426,17,1
1391,75236,799,17608,38,1
25,73573,372,42785,7,0
1020,102340,562,45623,25,0
222,129991,704,14246,5,1
1612,101228,534,3492,24,1
1529,79441,748,49388,9,1
1303,89682,625,3867,36,1
1452,72176,773,14149,3,1
311,143980,643,44123,28,1
36,54727,625,4716,7,1
768,121422,679,3518,9,1
957,61300,422,15714,40,0
1249,104946,589,45932,39,1
1442,80196,765,32400,9,1
216,60613,697,17856,10,1
1195,142199,532,27360,8,0
1636,131652,763,30090,24,1
671,83841,551,15218,12,0
1390,35720,718,25563,19,0
412,71704,352,14068,13,0
1847,127609,324,46479,13,0
761,91993,502,10875,26,0
1642,122435,336,45314,6,0
1795,149725,665,14304,9,1
111,136352,786,23191,11,1
365,79968,845,41520,26,1
479,80604,416,44507,9,0
639,116991,474,2307,37,1
1590,133860,803,45024,36,1
150,137577,607,45392,25,1
744,115461,385,24246,38,0
1794,49936,496,34647,17,0
1116,94923,613,18243,28,1
511,34852,332,9562,39,0
1587,46547,336,46566,17,0
1439,95836,435,23691,16,0
1467,107356,626,34344,7,1
1128,73515,366,11092,36,0
670,143993,372,11239,37,1
660,43154,424,4680,8,0
776,144581,743,45931,14,1
1574,140761,807,40679,11,1
1548,87711,381,12524,12,0
697,43069,377,13333,11,0
1404,98937,603,40423,26,0
569,149333,307,43915,16,0
199,89890,740,6239,28,1
495,32011,568,48654,20,0
413,124692,620,36777,12,1
850,48894,632,27426,29,0
79,83736,442,21756,24,0
283,144154,488,15220,6,0
1208,115823,462,20891,35,0
1408,50232,799,44633,3,1
431,39807,540,34997,31,0
142,91537,842,19474,21,1
41,132436,364,2160,28,1
1352,64737,787,19384,35,1
1781,74375,534,47406,37,0
1881,111691,823,7264,24,1
423,120794,368,30457,24,0
1792,82098,360,32047,15,0
506,115175,627,32765,20,1
963,40527,602,49065,3,0
577,141642,733,46917,0,1
698,73065,380,25158,29,0
1238,141718,621,8061,17,1
430,118389,630,2111,7,1
1789,142635,684,37053,1,1
167,99942,589,22234,36,1
301,79808,467,47783,15,0
1580,71505,804,27251,34,1
1018,112155,512,30392,10,0
1114,124203,324,4439,14,1
1282,146318,627,22164,24,1
1669,129536,369,3629,12,1
1750,93956,676,34367,10,1
603,144344,823,26455,10,1
1801,100912,702,8809,18,1
489,34705,342,26392,6,0
843,110931,610,24654,29,1
550,38968,617,1810,13,0
202,60771,700,40440,10,1
1101,112727,300,3044,39,1
1815,119705,463,7372,3,0
159,67667,322,20494,2,0
1186,59817,331,32228,11,0
602,127880,791,5147,9,1
1599,41846,722,12470,0,0
488,86881,324,44990,17,0
680,42903,745,37630,31,1
895,129663,767,31964,34,1
1768,113066,655,27673,11,1
265,122260,717,24614,27,1
243,144370,468,3802,21,1
18,43173,442,14488,25,0
969,88153,560,37074,10,0
1871,51805,704,35283,25,1
293,120964,459,46478,12,0
1541,69251,613,16848,25,1
1083,148413,602,8934,13,1
1477,33794,732,24430,25,0
545,36028,789,42629,39,1
419,72516,561,46916,30,0
1545,134352,802,2790,24,1
653,37355,384,17081,40,0
1064,68452,335,22159,19,0
233,76984,328,34180,28,0
1501,79131,349,17593,37,0
148,86450,340,20024,38,0
383,49080,305,26382,11,0
903,62007,805,15990,28,1
1616,99621,321,47426,33,0
1705,84008,746,37522,27,1
1658,104177,549,10012,7,0
1540,119364,682,37527,16,1
1872,133877,537,14267,9,0
117,53600,415,35377,17,0
1811,52280,791,14995,12,1
1514,52946,372,10575,8,0
1222,40350,468,17191,40,0
1314,109887,361,29303,2,0
1236,144142,430,32415,39,0
285,80140,594,33580,4,0
755,111226,340,25216,17,0
647,119539,634,21194,30,1
1579,61566,801,23440,34,1
1458,95230,825,15931,20,1
1827,149646,496,22954,33,0
1271,106435,442,46110,18,0
540,48758,832,12364,7,1
1013,60433,645,12998,31,1
154,90443,427,25678,35,0
445,113611,583,34496,36,1
796,63289,747,26354,20,1
1162,90236,410,36945,34,0
487,63466,361,1645,7,0
13,117404,573,37216,22,0
620,31231,692,14313,34,0
816,147821,397,17134,26,0
330,135464,303,16648,19,0
810,90981,383,27773,28,0
588,148123,510,45126,31,0
1619,67700,752,40751,13,1
524,118815,512,15282,20,0
1524,101643,780,2590,36,1
1516,50706,690,2343,31,1
1463,39681,575,25025,16,0
1262,87898,690,24892,3,1
985,75293,556,6194,33,0
1392,107014,534,27834,19,0
975,69210,595,36909,30,0
992,113746,368,7652,17,1
1047,85615,551,1573,20,0
1071,120480,703,9844,10,1
59,62780,773,17108,29,1
1206,89878,300,19822,29,0
1216,140795,832,24195,38,1
8,69599,470,33974,31,0
879,56111,722,26072,24,1
367,80422,760,39694,8,1
362,141848,798,27164,29,1
1610,93335,551,10537,40,0
102,43979,379,40206,18,0
596,61091,498,21338,32,0
115,79986,523,42331,33,0
1400,104963,591,25115,3,1
477,77049,337,44667,35,0
1347,105341,750,48936,40,1
1039,68780,525,3745,2,0
1572,121655,455,28978,35,0
350,68696,794,5331,14,1
1870,32875,650,41422,23,0
212,138794,839,11197,37,1
339,116275,744,32679,17,1
1859,81879,607,17884,6,1
377,65976,456,7461,34,0
642,31061,466,41832,30,0
1594,104177,457,28146,30,0
571,143386,705,39562,13,1
1740,119889,634,39892,24,1
270,132014,394,46703,9,0
405,127605,389,3649,10,1
1102,36428,474,26615,31,0
1270,149356,366,31299,38,0
1526,109482,332,26781,21,0
1630,127671,600,43827,25,1
394,95107,546,31230,9,0
321,139161,589,22805,20,1
707,148509,609,47472,13,1
803,148349,350,3056,16,1
104,67512,760,9709,20,1
1169,131677,468,17423,26,0
327,134708,584,14255,11,1
799,60162,645,1179,6,1
408,109569,580,35791,25,1
1566,135110,340,30815,37,0
1790,76179,364,32097,26,0
1791,58705,528,30443,16,0
760,113442,560,26874,16,0
16,54920,740,4130,4,1
1496,111381,352,33547,37,0
1310,62850,636,12615,34,1
244,118835,321,7518,8,0
400,129035,465,28947,13,0
664,124493,370,5995,9,0
1151,130593,576,12729,7,0
255,116400,584,6457,22,1
1052,119241,318,41654,5,0
1617,139882,659,2952,21,1
807,47927,795,39427,4,0
459,112345,696,22116,23,1
1029,42735,646,28232,0,0
942,148410,439,32026,31,0
1015,112242,551,21451,34,0
1736,114717,564,25876,9,0
160,35167,607,27664,1,0
1280,70492,402,24758,7,0
278,133364,380,16172,3,0
1305,87779,604,37199,19,0
1443,34373,395,44115,21,0
1860,105965,715,36518,6,1
1160,77823,489,43499,36,0
1420,125991,473,49356,32,0
71,47224,804,36885,15,1
1253,41813,652,9926,25,0
592,149226,730,17711,38,1
987,68680,422,44976,15,0
685,72823,436,15295,17,0
1295,127973,409,23371,13,0
1344,84460,687,44222,33,1
358,53021,492,44637,15,0
422,56318,361,31064,33,0
1772,47322,736,1902,30,1
643,133089,760,14167,17,1
1688,100701,317,16363,31,0
1145,144879,679,35211,16,1
610,77953,364,38169,6,0
786,99579,841,1220,9,1
106,95771,792,13675,11,1
493,149732,504,42212,25,0
187,65720,500,17048,20,0
1023,138851,533,29234,35,0
365,51567,344,14432,29,0
504,63681,519,15317,23,0
858,149806,760,14702,5,1
667,138093,546,3894,30,1
1375,93156,721,22675,6,1
0,135708,665,30645,35,1
722,68684,460,16349,2,0
1824,127853,760,15786,39,1
1724,144084,606,46007,27,1
461,74396,683,3302,34,1
1289,135412,457,28200,6,0
1215,45095,845,44287,36,1
1393,91385,519,49065,1,0
515,39869,418,46515,8,0
1063,48449,438,4462,33,0
1210,128848,375,16826,34,0
605,59571,439,12685,2,0
696,142740,830,10687,39,1
727,118647,468,45652,17,0
1285,124924,331,6481,20,1
1129,118395,400,29768,34,0
706,82089,620,25841,7,0
599,140853,451,40344,36,0
307,135458,813,41740,2,1
587,103048,302,44387,16,0
1763,77942,842,10827,25,1
1853,41836,678,44340,3,0
100,133636,340,41961,30,0
917,81717,838,13108,8,1
1350,31824,427,37424,33,0
1054,64663,810,17319,33,1
1562,100329,367,10273,25,0
1412,46199,321,16906,26,0
809,89609,557,6384,29,0
922,78311,597,3773,11,1
20,118188,600,13561,1,0
901,128174,843,34109,1,1
1374,118125,639,48546,8,0
88,64362,598,16651,13,0
539,106619,563,39477,20,0
1275,79941,396,47616,38,0
953,137795,546,39883,5,0
1462,113695,340,27650,2,0
157,78689,698,7246,29,1
1182,44201,327,2926,37,0
1268,118452,313,17016,24,0
828,60647,725,1201,39,1
251,91797,378,21396,38,0
221,33280,531,16161,25,0
1376,111205,499,12180,10,0
597,145898,337,46574,18,0
1342,103584,645,16574,31,1
986,72992,431,28952,1,0
1035,149964,699,27072,38,1
774,109964,628,49834,13,1
890,59015,821,37063,11,1
190,114889,446,41709,13,0
336,38285,305,35590,28,0
1519,113283,539,43279,23,0
1474,137984,348,34252,23,0
1138,90852,763,17727,37,1
1696,149195,684,44042,18,1
236,121891,602,10514,34,1
343,69608,405,20294,1,0
356,115097,410,13121,14,0
399,83516,717,41777,1,0
194,45292,752,12397,13,1
1735,48320,670,43610,15,0
1331,35943,303,23589,26,0
1243,34877,450,27622,37,0
184,69893,691,38546,24,1
1087,94569,736,7439,9,1
1662,45220,557,13585,17,0
884,42739,341,2930,10,0
131,60775,364,4614,7,0
1122,146294,326,4140,4,0
1725,100457,629,4560,29,1
1264,47781,753,43078,26,1
601,80940,751,30012,38,1
873,89459,721,45000,8,1
751,78629,693,4125,10,1
31,117881,846,18222,4,1
376,127404,666,47852,10,1
1635,121289,775,1697,13,1
1099,100804,688,8380,14,1
226,84935,653,25640,7,0
662,106983,350,48578,10,0
149,127290,396,29256,17,0
361,125236,825,12161,11,1
1472,50253,849,12953,6,1
526,146052,648,49139,31,1
247,84379,548,8535,32,0
1765,115841,323,33297,37,0
1611,42978,712,33536,15,0
1776,139273,447,6528,10,1
1209,94139,674,1972,21,1
1411,110694,374,35264,11,0
1211,83492,847,45686,17,1
295,66666,638,3222,38,1
1386,34288,819,20127,8,1
690,120476,762,42029,34,1
701,78566,665,12733,15,1
1008,58477,491,2718,39,0
695,88115,806,41005,34,1
1686,88287,432,21979,33,0
409,60947,708,43175,11,1
1080,142125,699,25965,39,1
332,77537,480,49920,21,0
936,43022,500,10198,22,0
775,119873,845,49454,36,1
1364,78147,405,23294,25,0
530,101364,794,12658,21,1
1294,148187,651,35717,38,1
993,114518,674,2681,31,1
10,77012,799,45571,18,1
756,37936,376,8418,30,0
107,82184,338,6636,23,0
325,66160,519,28491,30,0
999,54878,411,19578,5,0
683,46011,361,40653,8,0
1379,141153,656,27358,10,1
132,138028,818,28231,28,1
1551,89600,822,23104,17,1
797,42015,594,12650,32,0
1297,116870,326,9921,0,0
219,57801,537,5767,15,0
1336,114109,370,14654,0,0
1237,113819,402,19606,19,0
1866,108269,447,33740,14,0
239,32799,306,9502,23,0
627,36629,838,15315,11,1
344,133126,429,14119,38,0
179,73713,686,49384,0,0
921,61925,774,23610,1,1
777,46505,658,32462,29,0
1661,133150,458,38435,2,0
1407,104000,546,48812,6,0
513,56896,479,5149,29,0
976,38992,490,2918,20,0
762,138765,475,7606,27,1
573,130290,447,16496,10,0
1712,102641,615,18483,26,1
1422,57152,596,17196,1,0
146,106858,484,30283,38,0
983,58305,371,11622,3,0
503,136568,802,47394,20,1
299,143992,400,9828,23,1
279,60539,345,18387,35,0
63,73064,681,44735,32,1
1338,131498,506,2136,17,1
1261,49340,628,8174,29,0
1309,133369,395,2496,9,0
395,148034,610,14031,30,1
1019,108116,725,31808,5,1
360,30371,455,8573,13,0
1217,66342,354,8547,38,0
1380,142513,485,3742,7,0
261,48964,748,17297,12,1
56,47038,689,23106,13,0
652,100807,453,19484,11,0
440,62853,645,1572,36,1
1076,134662,498,46916,23,0
1361,52871,653,9401,37,1
331,44408,667,37024,20,0
348,116646,565,5911,9,0
855,143567,790,16126,35,1
1597,33379,322,28023,14,0
1786,47275,307,15538,18,0
1397,31947,808,37990,40,1
1814,76955,680,19680,27,1
346,133544,772,29454,0,1
1135,133341,535,7578,28,1
1621,61186,313,34872,6,0
949,107182,410,23460,3,0
439,72437,773,47702,14,1
891,32068,582,33245,19,0
1084,52838,745,12909,22,1
1698,64782,808,2945,13,1
1043,36868,750,17660,27,1
112,46614,546,10058,30,0
189,127218,638,42080,37,1
158,85176,427,17535,2,0
1307,98955,303,21646,15,0
1143,44896,813,3483,37,1
817,127735,804,42869,14,1
1356,38330,599,7688,26,0
913,92422,796,32450,36,1
1444,88756,827,44891,37,1
1432,131976,570,11822,27,1
1105,77453,356,11378,1,0
353,97271,825,40024,32,1
1105,107812,755,2468,34,1
1330,44293,708,18041,19,0
6,89245,750,34216,23,1
1710,96039,785,21984,30,1
1515,59038,606,40038,25,0
1037,110623,576,11836,38,0
74,35683,788,44554,40,1
1803,125321,733,8372,22,1
385,132659,529,22843,24,0
1849,149111,731,47006,40,1
721,143636,739,2679,17,1
274,116363,695,10328,10,1
505,98347,428,1022,32,0
17,69535,813,15939,39,1
885,90036,755,40448,36,1
1718,114323,554,24445,38,0
761,34082,538,14981,30,0
1186,37972,628,37457,32,0
349,92781,609,33479,9,0
1301,141057,580,2851,36,1
928,82640,828,9308,16,1
945,85872,710,31259,35,1
99,119928,531,22394,39,0
781,44150,705,46644,39,0
471,94260,635,23300,37,1
1103,123375,359,46052,30,0
1727,149236,380,28687,3,0
181,88138,554,27921,8,0
1613,39632,325,39936,36,0
484,147868,685,25578,17,1
1409,40589,351,22422,27,0
805,72219,801,30038,21,1
624,109730,496,34188,38,0
593,49442,690,9572,40,1
1181,38609,655,16001,3,0
1128,46540,601,12864,28,0
192,66046,623,41191,4,0
1171,111830,557,35957,33,0
1203,112978,705,32535,31,1
1465,106724,579,30236,8,0
598,101874,468,4504,13,1
1239,123343,654,46641,37,1
1624,72622,677,18349,32,1
1020,79925,559,24725,17,0
249,108301,778,23186,9,1
303,99541,758,19708,34,1
1600,68652,511,16918,18,0
1132,89469,688,45897,10,1
675,96263,696,17183,2,1
825,109354,632,48132,34,1
1792,86387,612,1774,2,1
965,42999,751,32075,32,1
1681,133952,560,17671,23,0
1254,121983,670,46117,4,1
1110,44996,546,43182,38,0
924,141777,735,39425,33,1
1839,115814,792,38930,8,1
1800,115316,337,6868,38,1
1730,145042,508,37486,14,0
381,130789,811,2971,25,1
391,102264,827,4235,36,1
1277,124481,535,12516,0,0
464,143441,330,34287,40,0
410,58183,311,36896,5,0
1715,86370,596,21927,15,1
1372,89186,441,13778,20,0
1082,146403,768,27494,11,1
1631,59949,688,29674,4,0
178,84239,702,25311,19,1
1706,74424,757,36497,20,1
636,138451,342,35261,39,0
76,89441,601,37304,9,0
919,82262,315,35600,14,0
1506,84524,374,24860,1,0
45,125631,765,25710,1,1
368,42463,765,42357,33,1
1830,70966,305,38462,23,0
865,85936,420,31183,31,0
1569,70963,489,5890,6,0
1720,117177,712,10028,27,1
198,63408,376,30443,3,0
559,79060,572,9643,6,0
81,50006,626,29515,32,0
1675,120023,318,49124,3,0
1418,92163,770,12251,13,1
981,38799,635,48259,17,0
308,41957,763,16752,5,1
2,139022,360,24031,35,0
1032,41188,482,31397,6,0
